order,Sentence,hypo
2,It turns out Crumpet Manor had left Lily into an intense state of relaxation.,0
5,I was mortally sorry.,1
6,Dad became very angry when he saw the dent in his car.,0
17,"He that drinks beer, often thinks of beer.",0
27,"When I was young, my family was my universe.",1
37,"Social security, health, welfare and education systems are being held to a rigid standard.",0
51,Not too far away is a large chicken farm business.,0
57,Taking my eyes off her is absurd.,1
59,"And there, before you, is barbeque perfection.",1
64,Your pride is a mortal sin.,1
76,Get a deep knowledge of that world which is man.,1
77,He is a good faithful man who goes to church.,0
81,The king can do no wrong.,1
89,It is idle to swallow big problems and choke on small ones.,0
93,"This book is a masterpiece, it is priceless!",1
102,What is this incomprehensible thing?,0
103,His hand is very cold.,0
108,I'll be clear: I don't like him.,0
111,Imagination leads to the truth.,0
113,Grandpa is older than dirt.,1
122,Get a deep knowledge of that complex being which is man.,0
123,I'm so thirsty that I would drink a large amount of water.,0
127,It's all top secret and now everybody's walking on eggshells.,1
134,Books are food for avid readers.,1
160,John usually knows the right thing to say.,0
165,Newspapers only contain bad information.,0
176,He only cares about himself.,0
177,Fools rush in where experienced people would not.,0
185,Haven't seen you for a long time.,0
202,His eyes were pure black.,1
222,I'm living on very little.,0
232,Let's be best friends in perpetuity.,1
243,Shami and Peter are deliriously happy together.,1
243,"When the last light set, it was like the whole world stopped.",1
247,The Eagle soars high in the sky.,0
249,"You won't beat this taste, it is amazing.",0
250,It was unpleasant seeing her in those cheap shapeless clothes.,1
250,He hiccuped for a long time.,0
255,Stop bothering him: you're inviting trouble.,0
260,Living with apprehensive parents is being trapped in a tower.,1
269,Have you seen the feverish activity in grandma's kitchen?,1
282,And soon I'll be very famous.,0
289,"As a matter of fact, I'm all enthusiastic about it.",0
298,His version of the facts is infinitely more convincing.,1
299,She was worn to a shadow after months of nursing her sick husband.,1
300,Your speech evokes many sympathies.,0
307,He's leaping up and on the bed with such force he'll be catapulted through the roof.,1
308,This room is a mess. It looks like it was hit by a tornado!,1
315,This is a very strong friendship.,0
324,That girl's eyes are bright.,0
326,For dinner he would eat a silo full of grain.,1
334,The old man is a dinosaur.,1
339,No one follows the rules in this office. There is no discipline.,0
344,"I can't breathe, there is a lot of dust here.",0
348,"You are very cute, darling!",0
355,They will be very envious.,0
359,She's a ruler in our house.,0
371,Completing the puzzle took me decades.,1
375,The work of the farm seemed to rest entirely on this horse's mighty shoulders.,1
376,Love makes you ignore bad things.,0
388,He changed his mind in the blink of an eye.,1
390,The meal I prepared is rich in calories!,0
399,"Precious, self-contained, and solitary as an oyster.",1
400,He lost all his money in the stock market.,0
404,His shout was very loud.,0
416,I can make the best pesto in the world.,1
418,She'll get furious when she finds out that her brother left.,0
430,She can have any boy that she wants.,1
433,"As a matter of fact, I'm all steamed up about it.",1
435,It is intolerable to live without my phone.,1
440,I've found my Atlantis not far from home.,1
447,He is just building castles in the air if he does not take any action.,1
478,"And he was rich - yes, richer than a king.",1
478,His laughter is very loud.,0
482,The flap of skin opened like a cupboard door.,1
501,That was the easiest question in the world.,1
510,Completing the puzzle took me a long time.,0
516,"The town I grew up in is so isolated that rock, paper, scissors is considered a high tech game.",1
525,The minister is going to harm the country with his budget cuts.,0
530,He only has bad thoughts in his brain.,0
537,My lover's arms are good at holding me close.,0
547,"I can't breathe, there are mountains of dust here.",1
568,My bedroom is my private space.,0
579,You can search in heaven and earth but you'll not find me.,1
591,His laughter shakes the walls.,1
594,He could damage the future of the party.,0
609,"You're so sweet, you give me diabetes.",1
620,The secretary is a boot licking lapdog.,1
636,A great courage is needed when bringing a message to a hostile audience.,0
663,"Here I sit, focused on my thoughts.",0
664,Her smoldering eyes still make me feel bad.,0
671,Daisy was hard to get.,0
676,"At this price, it's a steal!",1
682,"I'm a burst of colors today, I'm wearing a yellow t-shirt and red trousers.",1
684,Imagination is the queen of truth.,1
684,It took him about an hour to comb his hair.,1
689,Too many clothes in this Indian summer and I am sweating a lot.,0
695,I'm scared the spider will anaesthetize my legs and start biting them.,0
705,These flowers are absurdly awesome!,1
708,I did not suspect it would be so good: this book is a pit of wonders.,1
714,That chocolate melts in your mouth smoothly.,0
722,The water in the sea is almost boiling.,1
723,The taste of Kellogg's Frosted Flakes brings out the tiger in you.,1
725,"Sad to say, but she was a constant drinker.",0
726,A hundred thousand apologies would not be enough.,1
731,Her skin was very fair.,0
740,It was said that he had read so many books that his brain dried up.,1
746,It is very hard to believe!,0
749,She's expressing all her feelings out loud with hate.,0
755,I mean this was Toyland in the midst of the depression.,1
757,Junk food is the one thing they'll buy in spades.,1
769,When the girl lost her puppy she cried many tears.,0
782,"Come on, I can keep secrets.",0
787,"As he grew, Victor became a shining star in a family of achievers.",1
788,"See, my dear, a pair of high heels is indispensable these days.",1
788,I have a horrible face today.,1
819,That old soldier is ready for another battle. He's tough.,0
823,He was skinny enough to jump through a small hole.,0
827,Marriage is the grave of love.,1
830,Miss Trunchbull's lips stretched in a glacial smile.,1
838,Their latest album quickly moved up the charts.,0
840,Living under my parents' control is awful!,0
847,They go about together.,0
848,"You are not a fully-grown man, you are a clown.",1
848,I write my diary when I feel crushed by the weight of life.,1
850,His version of the facts is much more convincing.,0
861,I thought we had a deal but you betrayed me.,0
874,I went into the shop and we cleared the shelves out.,1
875,We've been here countless times.,1
879,Many people say that my father is still immature.,0
890,"I heard you possess eagle vision, Mister.",1
904,"Forget knocking it out of the park, Frank can knock a baseball to a much larger distance.",0
919,The gladiator beated all his opponents with his superhuman strength.,1
923,Travel increases your knowledge.,0
924,It is enough to fright you out of your seven senses.,1
926,My whole sense of being had been shattered by an emotional shock.,0
932,Your predictions were right. You have great intuition.,0
935,There's dust everywhere.,1
939,And with all this romantic atmosphere something could go wrong.,0
954,Sacrificed my french fries to his hunger.,0
972,"When my parents enrolled me in college, they basically sentenced me to death.",1
979,His nose resembles Pinocchio's nose when he lies.,1
979,The president has fought tooth and nail to be reelected.,1
984,An army of artists was crowding the room.,1
985,The massages at the spa render very good results.,0
989,She had an ethereal glow about her.,1
990,She's a difficult person to work with because she has no filters.,1
1000,I know this place very well.,0
1007,"Whenever I watch the movie, that scene strikes me.",0
1014,One could swear that the contortionist had no bones.,1
1022,It's a difficult time.,0
1025,The perfect pound cake recipe is valuable.,0
1037,No other friendship could be so strong.,1
1080,It's the end of the world.,1
1081,New York is the promised land to him.,1
1082,It's painful to see you eating pineapple pizza. It hurts my Italian heart.,1
1085,I'm a hundred percent American.,1
1087,Travel broadens your brain.,1
1091,"She has so many watches, it's not possible to wear them all.",0
1099,"Well, this travel's going to be the start of a new life for us.",1
1099,"To some, AI is taking the lid off Pandora's box.",1
1120,His piano playing is very bad.,0
1131,I'm on a whisky diet. I've lost three days already.,1
1134,"Man, your compassion is greater than space.",1
1148,Each of these girls is delicate and lovely.,0
1159,"He hurts everybody, he has a sharp tongue.",0
1160,"Of the two brothers, the oldest was the smartest.",0
1165,"I only step on your toe, don't make a big deal out of it.",0
1171,"I have fever, moving is difficult.",0
1176,This one is valuable: you don't touch him.,0
1185,My stomach almost bust.,1
1192,Many people say that my father is still a kid.,1
1201,He has little charisma.,0
1204,They were in a trance when arguing with that manipulator.,1
1211,My tongue is really rough.,0
1222,"This steak is so rare, I think it is still raw.",0
1252,I almost jumped out of my skin.,1
1256,He's very mad.,0
1262,I must impose restrictions upon myself.,0
1285,This room is an oven.,1
1286,Religion is the control of the people.,0
1292,I'm not staying here any longer!,0
1303,It's an indefensible sin to steal a pin.,1
1305,We must obey my mother's whims! We bow to her power!,1
1305,Granma was a harsh school girl who made kids behave. She was a real strict person.,0
1312,"Sometimes, ignorance is bliss.",1
1323,That lawyer's words are bullets.,1
1326,This is how to be irresistible to women.,1
1329,I tasted a very strong flavour.,0
1336,I swear you've doubled in size since I saw you last month.,1
1343,My aim is very certain.,0
1345,That runner is very fast.,0
1368,Your room is messy!,0
1372,Christmas will never come.,1
1381,Jason would rather lose an arm than lose face by pulling out.,1
1396,It's all top secret and now everybody's trying to be careful.,0
1409,The town I grew up in was isolated and behind the time.,0
1412,Once I would open a bag I could not stop eating.,1
1414,"Your beard is so hairy, you look like Chewbacca.",1
1421,Being led around aimlessly felt dull.,0
1423,I worked myself to the bone.,1
1425,He has a lot of cash.,0
1430,The joke was just epic!,1
1431,The reputation of this pizza's hanging by a thread.,1
1432,The eye of a master does more work than both his hands.,1
1446,I was surprised by the elegance of the B&B.,0
1456,It's been a long time since I found someone nice to me.,0
1458,"I'm moving, all my life's in this luggage.",1
1516,That child is a trouble maker.,0
1522,Not much of it made sense.,0
1528,The style is the man.,1
1529,Inviting my mother-in-law to stay here is bad idea.,0
1532,This discovery is like a tender newborn to young scientists.,1
1545,You don't listen to me.,0
1549,A man without a purpose is an unfulfilled individual.,0
1560,Love you so much.,0
1564,The water in the sea is really hot.,0
1565,I am trying to solve many issues these days.,0
1582,She thinks avocado tastes terrible.,0
1587,This one is valuable: you don't touch a hair of his head.,1
1587,These people would follow you to the end of the earth.,1
1601,The new king'll be all-time adored.,1
1607,Reading dog food labels is hard to understand.,0
1614,"When my parents enrolled me in college, they basically made my life very hard.",0
1617,I do not work without coffee: it is my sustenance.,0
1623,Its golden roofs are brighter than the sun itself.,1
1634,"Whenever I watch the movie, that scene kills me.",1
1634,The taste is very good.,0
1636,He's leaping up and on the bed too vigorously.,0
1649,Be very silent.,0
1652,"The temperature was so low, I saw polar bears wearing jackets.",1
1652,Johnny worshipped the ground Dallas walked on.,1
1654,He changed his mind very fast.,0
1656,"And his sensibility, oh, he must be related to those machines that register earthquakes.",1
1656,"Move, we have little time.",0
1662,"I just can't seem to forget him, he contaminates my head.",1
1664,It's tough for me to get into the army.,0
1673,"My love, you are so important.",0
1676,Manners make the man.,1
1677,I've drowned myself trying to help you.,1
1682,"You unreasonable, pompous, blustering, old windbag!",1
1684,I've found the place I want to be not far from home.,0
1691,"With each of her screams, the world felt very sorrowful.",0
1699,Many questions were fired at us.,1
1717,"Two years ago, I catapulted myself into the fashion world.",1
1736,"Don't touch a woman, not even with a flower.",1
1741,The secretary was up to her eyeballs in paperwork.,1
1743,A player who can stop our team from winning the championship would be hard to find.,0
1745,I'm so thirsty that I would drink a river.,1
1756,Looking for a lightweight tripod.,0
1759,Let's go as far as we can Buzz.,0
1759,I am so tired I could sleep for a long time.,0
1763,I could live on these broccoli and there is no need for anymore to say.,1
1764,"Your plan is too risky, it's dangerous.",0
1770,People really listen to what you say.,0
1774,"Your father is well known, no one worked hard for the community like he used to do.",0
1780,I can smell pizza from a mile away.,1
1782,You're behaving childishly dad.,0
1794,TV is bombarding us with subliminal messages.,1
1801,My heart's hurt right now.,0
1804,Jack Marshall wouldn't hurt anyone.,0
1811,It's time to stop living like a dead man.,1
1811,Life is a hospital where we fight to cure ourselves.,1
1813,They sell books by a great number of authors.,0
1815,You hear that noise? It's ear-piercing.,1
1818,Peter's essay constituted yet another long monologue.,0
1820,His mother is very apprehensive and keeps him in a bubble.,1
1820,The flap of skin opened wide.,0
1821,You need an elevator to look at him in the eye.,1
1826,You hear that noise? It's very loud.,0
1827,My mother is authoritarian.,0
1845,We're going to turn this sow's ear into a silk purse.,1
1848,Why did you beat him so badly?,0
1851,There are large amounts of clothes in my wardrobe!,0
1853,Cry me a river.,1
1853,Give her a lot of compliments.,0
1862,You're being stalked by an emotional vampire.,1
1878,We live by ourselves in everyday life.,0
1888,So much snow that it's like walking on a soft ground.,0
1892,Changing your favorite team is like breaking a blood oath.,1
1895,My sisters mean more than air to me.,1
1897,I'll tell you a tale of the boundless blue that is the ocean.,1
1902,The house is very small.,0
1905,"No matter what anybody says, you'll always be a prince to me.",1
1909,Look at her fast moving fingers articulating words as she writes her report.,0
1914,The minister is going to wreck the country with his budget cuts.,1
1935,The joke was very good.,0
1966,Guess you've run out of thoughts.,1
1972,Franch's is more than the best.,1
1972,I've had to reinvent myself from the ruins of my choices.,1
1988,This dirty money we're using to finance the campaign is a ticking time bomb!,1
1993,I was impressed with how large the size of the potatoes was.,0
2021,I would recognize my sisters a day's march away.,1
2022,It is idle to swallow the cow and choke on the tail.,1
2039,The gladiator beated all his opponents with his great strength.,0
2044,You can search everywhere but you'll not find me.,0
2057,It's hot enough to fry an egg on the sidewalk.,1
2070,When my dog waves his tail rotates very fast.,0
2075,"When sorrows come, they come not single but many at a time.",0
2081,I would eat pizza often.,0
2087,You are very slow.,0
2090,They sell books by every author who has ever set pen to paper.,1
2110,I swear he'd not take a whiff of it!,0
2111,I'm over-heated.,0
2116,It would be difficult to beat level six.,0
2119,His ambitious hunger moves him to a pantagruelic attempt.,1
2122,He's as mad as a hippo with a hernia.,1
2122,Why did you beat him to a pulp?,1
2124,"You've made me the happiest man alive, Rita.",1
2136,The painter knows that looking at the beautiful landscape is an orgasmic experience.,1
2161,Let me see a vast amount of knowledge.,0
2168,Many apologies would not be enough.,0
2170,This is very nice seasoning salt.,0
2176,"March comes in like a lion, and goes out like a lamb.",1
2177,"But you are mute, quiet.",0
2178,"Sorry, I'm unfocused.",0
2187,"At that point, the presidency was fatally wounded.",1
2205,I am in the middle of an emotional tornado.,1
2215,The painter knows that looking at the beautiful landscape is an enjoyable experience.,0
2226,I've sacrificed a lot to help you.,0
2238,Cry a lot.,0
2239,Each of his drawings is pleasing to the eyes.,0
2241,The Eagle soars in the summit of the azure.,1
2246,I enjoy my green tea fix each morning!,0
2263,For dinner he would eat a lot of grain.,0
2277,Not a word of it made sense.,1
2281,The argument with my bestfriend turned into a tempest in a teacup.,1
2282,Not too far away is an empire of chicken farms.,1
2285,I wouldn't miss the party for anything in the world.,1
2300,You could have knocked me over with a feather.,1
2321,"He had a great reputation as an orator, and is characterized by Ennius as the example of persuasiveness.",0
2350,"Sometimes, ignorance is good.",0
2355,Her beauty is noteworthy.,0
2365,We're going to turn this sow's ear into something more valuable.,0
2385,Anna's cooking is a force of nature.,1
2393,"You won't beat this taste, it is insurmountable.",1
2407,Bittersweet nectar flows in measureless abundance.,1
2412,Shower her with compliments.,1
2423,His nose became so long that he could not even turn around.,1
2442,John has a nice smile.,0
2443,It annoys me when you only drink half of the soda.,0
2451,Each of these girls is a perfect porcelain doll.,1
2454,Fabulous new haircut!,1
2473,The principal is unhappy...we're in trouble.,0
2480,They were probably hoping to punish me in front of the people.,0
2491,You could have easily knocked me over.,0
2499,Old Mr. Smith has been teaching here for a very long time.,0
2501,"She stood frozen, searching for him.",1
2505,It is a truth universally acknowledged that a single man in possession of a fortune must be in want of a wife.,1
2515,"As the exam date approaches, she becomes a sort of hermit, spending all her time in her room.",1
2524,You can tell the judge how you made it vanish into thin air.,1
2534,"Starting from today, I'm acting in a new way.",0
2535,He's a giant but is not intelligent.,0
2545,"Apparently, my fingers are slippery tonight.",0
2551,It's obvious.,0
2552,Tiny snowflakes began to fall.,0
2553,He walked down the road to nowhere.,1
2558,Idleness is the root of evil.,1
2568,A roaring deluge of applauses followed the performance.,1
2568,I am sure that you will laugh.,0
2569,The reputation of this pizza is at risk.,0
2571,He's a giant with the brain of a chicken.,1
2572,We were getting to be like two goldfish in a bowl with no way out.,1
2578,"At this price, it's a very good deal!",0
2588,For a few dollars they would start a war.,1
2638,This drink is very energizing.,0
2646,Perfection assassinates creativity.,1
2647,His piano playing is enough to make Beethoven turn in his grave.,1
2649,"She stood still, searching for him.",0
2657,We picked up a bottle once on a trip and were surprised.,0
2676,Moms are more powerful than the sea.,1
2679,She met my dad and then got whizzed off to so many different countries.,1
2694,In that library they have a lot of books.,0
2699,The pain was unendurable.,1
2704,March comes in fiercely and goes out meekly.,0
2711,"Social security, health, welfare and education systems are being laid on a Procrustean bed.",1
2715,Nobody can beat level six.,1
2721,Life goes in a heartbeat.,1
2728,That old soldier is ready for another battle. He's made of iron.,1
2732,My heart burns for you.,1
2738,The secretary was pounding the keyboard trying to finish the report.,1
2745,He is a bad man.,0
2754,You are what you eat.,1
2759,"My aunt is so fat that when she walks by the TV, I can't see the screen.",0
2782,My grandpa snores very loudly.,0
2784,No offence but she's out of the world dumb.,1
2794,"I now embrace ""Hollywood"" endings, but there was a time when I liked kill-offs.",0
2798,His feet are very cold.,0
2808,It's a no brainer.,1
2820,"If this character was a real person, I'd hurt him.",0
2820,Turning your face away is insulting.,0
2824,He lives far away - on the other side of the Galaxy.,1
2827,You're very sweet.,0
2829,He thinks that the affectual bonds prevalent in the older world has been pulverized by modernity.,1
2830,I really want to have that new phone!,0
2831,That man corrupts almost anything he has contact with.,0
2838,"During the debate, the president ate reporters and photographers.",1
2848,The old driver arrived on time.,0
2849,Haven't seen you in ages.,1
2850,The story hit the web and created excitement on the chat sites.,0
2866,"He that drinks beer, only thinks beer.",1
2866,Sometimes asking feels very dangerous.,0
2878,The style is important to how we see a man.,0
2888,The player is undeniably talented.,1
2915,They will admire his talent.,0
2917,"You stepped on a land mine, boy.",1
2922,His classmates laughed at him saying he had a very little brain.,0
2926,"She is only a follower, acting on the directives of her friends.",0
2937,That child is getting into a whole world of trouble.,1
2945,"With each of her screams, the world came apart.",1
2945,I'm living on bread and water.,1
2949,You're in a lot of troubles for telling mum I didn't have lunch!,0
2950,He's a monster.,1
2954,There was a magical atmosphere.,1
2954,He lost his shirt in the stock market.,1
2978,"As he grew, Victor became the best amongst the family of high achievers.",0
2985,This year the new fashion trends spread like wildfire.,1
2986,Seeing my best friend again would mean a lot to me.,0
2994,There lived a man as big as a barge.,1
2994,The boy is handsome...and he knows it.,0
3011,Doesn't change the fact that we are in deep trouble.,0
3036,I lost my sense of humor in the before Christ to be precise.,1
3036,Disaster is imminent.,0
3044,That was an easy question.,0
3051,My spirit is crying for leaving.,1
3054,"You can see what she's thinking, she's easy to understand.",0
3065,College students eat unhealthy food.,0
3078,"If Sylvia flirted with Johnny, Steve threatened to beat her.",0
3097,The mail was taking on large proportions.,0
3107,It turns out Crumpet Manor had left Lily into a comatose state of relaxation.,1
3122,Being led around aimlessly felt like being a zombie.,1
3132,Your kindness turns me upside down.,1
3132,A large group of artists was crowding the room.,0
3137,I want to get you out of my head.,1
3142,Most of the businesses here are already skating on thin ice because of the economy.,1
3145,The global crisis has seen prices rise over the past week.,0
3151,I don't think a herd of elephants would be as noisy as this class is today!,1
3154,April is the worst month.,0
3161,Franch's is the best.,0
3161,Manners are an important aspect of being a man.,0
3175,"Well, dear, her hostess would reply with a frigid smile.",1
3178,I have been enjoying this tea for a long time.,0
3178,I can see you are not thinking straight.,0
3192,Cowards die many times before their death.,1
3221,John invariably knows the right thing to say.,1
3221,Illusion is a powerful tool.,0
3244,This kind of anger rages like a sea in a storm.,1
3251,This is a tough situation. You're having a gorilla on top of you.,1
3271,You will very likely give a good first impression.,0
3275,After lunch I was very full.,0
3280,I couldn't believe how large the size of the potatoes was.,1
3286,"I don't lie, I'm a slave to the truth.",1
3290,Why do we have four thousand forks and no spoons?,1
3297,The minister told the guests that the couple's friendship was sweeter than honey.,1
3322,"You unreasonable, pompous, blustering, old bigmouth!",0
3326,This is a very good deal!,0
3332,It seems to have been raining for a long time.,0
3336,People say Massimo has excellent cooking powers.,0
3340,She gave a mean glare at the people making fun of her.,0
3341,I write my diary when I feel under pressure.,0
3352,The taste of Kellogg's Frosted Flakes brings out your wildness.,0
3368,You need a bench to look at him in the eye.,0
3372,There lived a large man.,0
3380,"My job is so boring, I want to die.",1
3384,And soon I'll be famous beyond belief.,1
3387,Dad went ballistic when he saw the dent in his car.,1
3402,He is so vicious that there should be a harsh punishment specifically for him.,0
3410,She spilled the wine on the table...this is a catastrophe!,1
3413,He's light like a feather.,1
3419,"You can see what she's thinking, like she's almost transparent.",1
3432,Hope deferred makes the heart sick.,1
3448,The perfect pound cake recipe is worth its weight in gold.,1
3448,"Cheryl is so moody, she's four seasons in a day.",1
3458,The king is above the law.,0
3476,The lesson was taking forever.,1
3483,It was said that he had read so many books that his brain stopped working properly.,0
3485,The meeting was terrible.,0
3496,I would commit murder to have that new phone!,1
3507,Supernatural courage is needed when bringing a message to a hostile audience.,1
3522,The meeting was a nightmare.,1
3529,The crowd was enchanted by the performance.,1
3530,I just got hit by an avalanche of cramps.,1
3546,Have you seen the very busy activity in grandma's kitchen?,0
3569,"When your mother saw you, she was about to pass out from excitement.",1
3586,Faith will move mountains.,1
3596,"As a father, in this moment, there's just pain in my heart.",1
3615,I'm requesting! Give me the last piece of the cake.,0
3617,An idle brain is the place where evil thoughts arise.,0
3621,She can easily get what she came for.,0
3633,I'll be crystal clear: I don't like him.,1
3634,"Speech is silver, but silence is golden.",1
3659,"Here he was, in total control.",1
3661,"And your father and I worked on those plans together, for months and months and months.",1
3664,"Given its advanced technologies, this car is more a sophisticated piece of machinery than a regular car.",0
3683,It was unpleasant seeing her in those cheap shabby clothes.,0
3684,My bedroom is my sanctuary.,1
3703,These are proof of how smart the human race is.,0
3705,Those criminals thrive on acts of violence.,0
3706,Everybody's eyes are as large as saucers.,1
3707,Shuttling between conferences over the past years has been an interstellar enterprise.,1
3718,Marta is late to her appointments.,0
3723,Admit you're a Judas.,1
3735,A man can have a very large belly.,0
3737,"Starting from today, I'm a brand new person.",1
3740,I mean this was something fun in the midst of the depression.,0
3741,Perfection is not good for creativity.,0
3744,What you eat affects you.,0
3754,This is the single most important advice of your life.,1
3774,It is very difficult to love and be wise.,0
3780,They were probably hoping to crucify me in front of the whole world.,1
3786,My heart's bleeding right now.,1
3789,"Given its advanced technologies, this is more of a spacecraft than a regular car.",1
3791,I'm speechless!,1
3798,Chris won't drive her home because she lives on the other side of the universe.,1
3803,I would eat pizza at every moment.,1
3815,One picture is worth ten thousand words.,1
3830,He orders his family not to forget that he is the king of his house.,1
3832,"Your father is a legend, no one worked hard for the community like he used to do.",1
3839,The level of discombobulation in the realm of global politics is simply colossal.,1
3842,Knowledge without conscience would have a deleterious effect on your soul.,0
3856,My aim is as certain as the rising sun.,1
3865,He is so vicious that there should be a circle in Dante's Inferno specifically for him.,1
3871,Miss Trunchbull's lips stretched in a serious smile.,0
3877,"See, my dear, a pair of high heels is important these days.",0
3881,He has an encyclopedic knowledge of the impressionists.,1
3891,"Set a beggar on horseback, and he'll ride to the devil.",1
3893,You'll have a great fun.,0
3903,Shopping drained me today.,1
3905,The act of love strongly resembles severe pain.,0
3914,Bikers coming from behind you are a calamity on the roads.,1
3927,Dust-like snowflakes began to fall.,1
3937,I'm convinced!,0
3944,Most things are possible!,0
3948,Turning your face away is a punch in the gut.,1
3957,"Your interpretation goes too far, it's a Pindaric flight.",1
3961,Everybody's eyes are very big.,0
3963,It drives me crazy when you only drink half of the soda.,1
3976,This musician is the god of guitar.,1
3985,"That joke is so old, the last time I heard it I was riding on a dinosaur.",1
3987,"No one knows where Gatsby came from, but he was surely swimming in money.",1
3994,He used to teach there and used to get harassed by all the pupils.,1
3999,She can make me follow her easily.,0
4014,Making drastic choice is necessary for an adventurous life.,1
4021,"I mean, you have the kind of talent that I would chop off my head to have.",1
4034,She feels she is in the darkness: she's desperate.,0
4047,That runner is faster than light.,1
4050,"When you open this map, you own the city.",1
4061,She's like vomiting all her feelings out with hate.,1
4080,College students eat crap.,1
4088,"Intellectually speaking, this city is very sterile.",0
4091,Professors read a lot of essays.,0
4099,My paperworks piled up high.,0
4106,The news has been exaggerated.,0
4108,You're beautiful.,0
4131,The task was of too difficult a nature to be accomplished within four years.,0
4139,"New hair, new life.",1
4144,"The noise was so great, that it was heard in both the countries.",1
4145,He has a whole room filled with cash.,1
4149,A long line at the cashier.,0
4150,"I'm quite imperturbable, it's very tough to rock me.",0
4169,The veteran proclaimed he had tree trucks for legs.,1
4169,The lesson was taking a long time.,0
4178,"No more food, I'm satiated.",0
4183,We are traversing the vast desert of everyday life.,1
4189,At no point in my life I'll say "never".,1
4194,Football is the thing he cares about the most.,0
4208,Her hair is the same as Rapunzel.,1
4208,Seeing you again - my life is changed irrevocably by this.,0
4210,My sister is a vortex of intelligence in space.,1
4213,Being out of fashion is very bad.,0
4221,You have my attention.,0
4225,At no time does a watched pot boil.,1
4241,"No one knows where Gatsby came from, but he surely had a lot of money.",0
4245,A man without purpose is an empty individual.,1
4269,"Forget knocking it out of the park, Frank can knock a baseball off the continent.",1
4270,This spray has the odour of freshness of the ocean breeze.,0
4273,"Your interpretation goes too far, it lacks of unity.",0
4274,"I have fever, I can't move.",1
4288,The contortionist was flexible.,0
4290,The argument with my bestfriend turned into a fight.,0
4294,"Well, this travel's going to be a new opportunity for us.",0
4298,This drink is a rocket in a bottle.,1
4302,My heart shakes for you.,0
4306,The study of beauty is a duel in which the artist suffers.,0
4311,The big bells very loud.,0
4319,ABU is drawn to it.,0
4333,Moms are so powerful.,0
4333,His nose became so long that it troubled him.,0
4337,My nephew is making huge efforts.,0
4337,"I'm very tired, for Christ's sake!",0
4363,The work of the farm seemed to rest on this horse's mighty shoulders.,0
4366,The principal is unhappy...we're cooked.,1
4371,This kind of anger rages violently.,0
4373,Your pride is bad.,0
4378,Faith is a strong motivator.,0
4379,Molasses buckets appeared unexpectedly.,0
4400,Molasses buckets appeared from nowhere.,1
4413,The title says it all.,1
4413,He has many debts.,0
4433,"Here I sit, sunk in my thoughts.",1
4451,I was dazed by the elegance of the B&B.,1
4453,I've been enjoying this tea for all my life.,1
4453,"Man, your compassion is huge.",0
4455,That girl is manipulated by what she sees on TV.,0
4460,It's raining cats and dogs.,1
4462,"That said, I'm feeling close to defeated.",0
4463,I can't stand being away from you.,0
4466,That child is getting into a lot of trouble.,0
4470,We've been dealing with it for months.,0
4491,What kind of sorcery is this?,1
4494,I want to leave badly.,0
4511,"After watching the movie, I wanted to hurt the villain.",0
4514,He is just being fanciful if he does not take any action.,0
4523,One winter was colder than normal.,0
4525,Your indifference is upsetting me.,0
4548,It's raining hard.,0
4554,He hiccuped endlessly.,1
4568,Give a man rope enough and he will hang himself.,1
4569,I can achieve great things with you by my side.,0
4574,Your beard is very hairy.,0
4576,"Dresden was kind of the moon, it did not have many appeals.",0
4579,Books are important for avid readers.,0
4579,Hyperbole is a great thing.,0
4588,Johnny was scared of his own shadow.,1
4588,There's no index and the story isn't linear: this book is poorly written.,0
4592,Religion is the opiate of masse.,1
4599,That girl's eyes shine like stars.,1
4600,"My job is so boring, I don't want to do it.",0
4614,"If our plan goes up in smoke, I leave the group.",1
4621,The last thing makes everything worse.,0
4646,The olives are better than other olives out there.,0
4672,Daisy was an unattainable woman.,1
4706,For a few dollars they would fight.,0
4709,My hair is poker-straight.,1
4719,A day was twenty-four hours long but seemed longer.,1
4725,I'd rather French kiss a rattlesnake than miss a gym period.,1
4732,New hair will feel like a fresh start.,0
4742,My ex boyfriend! Treacherous person!,0
4753,Stop bothering him: you're playing with fire.,1
4756,I apologized like a madman.,1
4763,You are but unreasoning apes.,1
4765,You're too beautiful.,1
4767,Living under my parents' control is a damnation!,1
4768,What she touches becomes of value or blessed.,0
4781,"When your mother saw you, she was so very excited.",0
4792,Their headmaster seemed to be all around the school all the time.,0
4793,"And there, before you, is great barbeque.",0
4796,Beauty draws very easily.,0
4799,You have ravished me away by a power I find difficult to resist.,0
4807,It is uncomfortable to live without my phone.,0
4818,"If our plan fails, I leave the group.",0
4821,I'm scared the spider will anaesthetize my legs and start chomping them.,1
4821,My professor is very creative.,0
4825,If I tried to carry all that cargo in my head it would make me quite tired.,0
4829,The taste is perfect.,1
4839,Shami and Peter are very happy together.,0
4859,I've got a thorn in my heart.,1
4862,My paperworks piled up to the ceiling.,1
4889,My little sister gravitates towards me. She's my satellite.,1
4894,My dad'll hit the roof when he finds out that I wrecked his car.,1
4904,She spilled the wine on the table...this is unfortunate!,0
4919,My parents would have a fit if I told anything personal about them.,0
4925,He appeared graceful.,0
4941,Weight training is ridiculously good for you.,1
4943,I swear you have grown since I saw you last month.,0
4944,The little girl was crying a lot.,0
4962,"I can't stand being a human. I no longer want to be, nor can still be, a man.",0
4965,Finding the piece of paper in this chunk of documents is like looking for a needle in a haystack.,1
4965,"I'm so drunk, I feel dizzy.",0
4973,I could live on these broccoli.,0
4978,Almost nothing could go wrong with his plan.,0
4980,Kilometric line at the cashier.,1
4987,"I resign from humanity. I no longer want to be, nor can still be, a man.",1
5000,To infinity and beyond Buzz.,1
5009,I swear he'd rather die of starvation than even take a whiff of it!,1
5023,"I am sure the spider was about to leap off the wall, latch onto my leg and bite me.",0
5027,Art is my stairway to heaven.,1
5028,Weight training is very good for you.,0
5029,"Well, you are unable to understand some things.",0
5042,Parents' affection is cosmic.,1
5046,The sight of them kissing is so gross that it makes me feel disgusted.,0
5049,The president said that the well-being of citizens is his guiding principle.,0
5057,"I swear, my teacher knows a lot.",0
5060,"That artist is a quiet person, she rarely speaks.",0
5064,"I swear, my teacher is omniscient.",1
5075,Love is blind.,1
5081,She has a magic touch I mean she fixes my problems.,1
5086,"Oh, you are very wet, monsieur.",0
5091,I'd rather pay dearly than miss a gym period.,0
5092,Masses of garbage reached so high that it lifted the roof.,1
5114,I am tormented day and night.,1
5117,It's so hot.,0
5124,Over my dead body are you meeting with them.,1
5124,I'm very envious.,0
5137,Tastiest roast of all times.,1
5143,Stop using onion in this recipe you terrible people.,0
5164,That man corrupts whatsoever he touches.,1
5178,He appeared like a descended god.,1
5186,I bet my life that you will laugh.,1
5194,It must be a dream!,1
5196,Another idea gone wasted.,0
5200,I wear my favourite t-shirt repeatedly.,0
5214,You're grumpy.,0
5215,I am in the middle of emotional turmoil.,0
5219,Chris won't drive her home because she lives very far.,0
5221,She shows no emotions: she has become a cold woman.,0
5224,I was very surprised.,0
5225,This is how to be attractive to women.,0
5233,Beauty draws with a single hair.,1
5238,The professor humiliated me in front of the class.,0
5241,"Even thinking back, it feels like living a fairy tail.",1
5259,This confection has been around for so long in my house.,0
5263,You'll read the book in a couple of days.,0
5265,Illusion is the ultimate weapon.,1
5267,Her beauty eclipsed the sun.,1
5268,His charisma magnetized us.,1
5273,"Wow, I'm dead from the neck up today.",1
5276,"Intellectually speaking, this city is almost as sterile as the Sahara Desert.",1
5281,Living with apprehensive parents is very limiting.,0
5281,I want to stop thinking about you.,0
5292,My admiration for him is deep as the ocean.,1
5300,He has a very impressive knowledge about the impressionists.,0
5301,The resources are very small.,0
5305,Democrats and Republicans will not agree on a tax reform bill!,0
5327,Don't make a big deal about little things. There are worse problems than that around here.,0
5334,Your judgement at this point is worth less than nothing.,1
5339,Needs must when the devil drives.,1
5339,His ambitious hunger moves him to a very large attempt.,0
5354,Bittersweet nectar flows in great abundance.,0
5357,His hand is as cold as an ice box.,1
5361,I avoid saying "never" at any point in my life.,0
5362,Too much work makes me feel tired.,0
5365,Bring these bad people to the Palace of Justice.,0
5369,The house is the size of a postage stamp.,1
5376,"I tried to explain myself, but she doesn't want to listen.",0
5385,We all laughed at the joke.,0
5392,She'll erupt when she finds out that her brother left.,1
5392,He is so majestic.,0
5394,"When you get emotional, your brain sort of short-circuits.",1
5401,The pictures prove that the poor country is in a very bad situation.,0
5408,We've been here many times.,0
5409,"She smiled at me, I almost fell out of my chair.",1
5414,This drink makes you grow wings.,1
5417,I am sitting here with pride.,0
5423,Loud applause followed the performance.,0
5424,Old Mr. Smith has been teaching here since the Stone Age.,1
5437,My powers are beyond your mortal imagination.,1
5442,I'm going to get upset.,0
5458,"This blog is my harem, where my innermost secrets are shared.",1
5459,The little girl was drowning in her tears.,1
5489,This croissant improved my day.,0
5497,I am trying to solve a million issues these days.,1
5497,"I'm very colorful today, I'm wearing a yellow t-shirt and red trousers.",0
5498,You guys are both less than zero help.,1
5506,They go about together like Siamese twins.,1
5507,Precisely nothing could go wrong with his plan.,1
5524,Let me see an abyss of knowledge.,1
5570,My stomach is very bloated.,0
5571,"Getting older helped me clarify the events of my childhood, without exceptions.",1
5576,The study of beauty is a duel in which the artist cries out in terror.,1
5576,"My aunt is so fat that when she walks by the TV, I miss three shows.",1
5578,Ice-cream stops you from feeling bored.,0
5579,Her anger radiated like a nuclear explosion.,1
5591,I'll see him become very nervous!,0
5597,You could see she was very scared.,0
5599,Too many clothes in this Indian Summer and I am suddenly in a bath of sweat.,1
5601,"His teeth would uncover, and shine savage like the furnaces.",1
5620,In my family every birthday is a big event.,0
5628,My professor is a volcano of ideas.,1
5636,He was skinny enough to jump through a keyhole.,1
5638,We used to be as little independent as a flock of sheep.,1
5642,Being in debt makes my muscles itch.,1
5655,Granma was a harsh school girl who made kids behave. She was a real paint-remover.,1
5658,He lives far away - a large distance from here.,0
5659,That girl is a marionette who is manipulated by what she sees on TV.,1
5659,I have a severe headache.,0
5660,"He hurts everybody, he has a sharp knife instead of a tongue.",1
5660,In my family every birthday is a national holiday.,1
5662,It'll just - bam! - hit me like lightning.,1
5665,Finding the piece of paper in this chunk of documents is nearly impossible.,0
5680,My oral exam was very quick. I was done soon after entering the classroom.,0
5685,"By the time Alf finishes his story, a lot of time will have passed.",0
5690,She has a nice sense about her.,0
5695,You should sunbathe! You look pale!,0
5716,"Trust him, he's more faithful than the rising sun.",1
5725,"Sorry, I forgot my head at home.",1
5728,"When you get emotional, your brain looses its normal thinking abilities.",0
5731,Many questions were asked to us.,0
5731,She's drinking heavily.,0
5732,The task was of too herculean a nature to be accomplished within four years.,1
5742,He groaned as if he was hurt.,0
5744,"Nate discovered the reason why she's still single, despite many suitors.",0
5783,"I just can't seem to forget him, I keep on thinking about him.",0
5787,You will give a good first impression without a doubt.,1
5802,The resources are pitifully small.,1
5805,The massages at the spa are miraculous.,1
5806,"He had a great reputation as an orator, and is characterized by Ennius as ""the quintessence of persuasiveness"".",1
5817,"Speech is good, but silence is better.",0
5824,His feet are colder than the arctic.,1
5836,The tourists will soak up any information you give them.,1
5840,This musician is an expert at playing guitar.,0
5846,This meal is decadent!,0
5851,"If this character was a real person, I'd break every bone in his body.",1
5859,"His classmates laughed at him, saying he had a pea-sized brain.",1
5865,After workout I feel I could lift a sumo wrestler.,1
5876,Marta is pathologically unpunctual to her appointments.,1
5877,The availability of data is likely to lead to a large amount of statistical analysis.,0
5881,His nose is very big.,0
5897,"I'm dying of hunger, I would eat a horse.",1
5901,"By the time Alf finishes that story, his beard will be three inches longer.",1
5906,The chance of your friend seeing us is very small.,0
5917,Reading dog food labels is often like reading hieroglyphics.,1
5919,The blood flowing from the boy's tooth covered the tiled floor.,1
5922,She is miserable.,0
5923,John's new idea is a theoretical diamond.,1
5939,The president said that the well-being of citizens is his North Star.,1
5941,My whole sense of being had been shattered by an emotional earthquake.,1
5948,It's been a lifetime since I found someone nice to me.,1
5950,You're charged with high treason for telling mom I didn't have lunch!,1
5962,I'm burning of envy.,1
5964,That idea makes him feel very worried.,0
5969,Bikers coming from behind you are a danger on the roads.,0
5973,Guess you've not many thoughts.,0
5975,The sins of the people would weight so heavy upon the land that the whole town would collapse.,1
5982,His charisma captivated us.,0
5982,Our fight has been going on for a long time.,0
5986,"Even thinking back, it feels like living a wonderful situation.",0
5988,Looking for a featherweight tripod.,1
5991,There are cascades of clothes in my wardrobe!,1
5991,Life is rushing by like a river in flood.,1
5999,Such an unscrupulous person...he's disrespectful.,0
6014,John has a divine smile.,1
6018,That idea is eating away at him.,1
6019,Living with you has its ups and downs but it's worth the thrill.,0
6019,My dog can run very fast.,0
6021,I don't work without coffee: it's my lifeblood.,1
6021,The most fun you'll ever have.,1
6023,Your words are poison.,1
6034,"The coffee was really good, but it cost me a lot of money.",0
6034,They were gone quickly.,0
6045,"She's bothered by dust, so she's frequently cleaning the house.",0
6046,Jack Marshall wouldn't hurt a fly.,1
6055,I felt fireworks in my brain when I set foot in the candy shop.,1
6062,My sister uses so much makeup; she broke a chisel trying to get it off last night!,1
6067,Every flavor is dynamite.,1
6079,"I do not lie, I'm a teller of the truth.",0
6096,Hyperbole is the greatest thing in the history of the universe.,1
6107,Parents' affection is special.,0
6118,"It's so hot, it feels like I'm in a sauna.",1
6125,I can conquer the world with you by my side.,1
6126,"His teeth would uncover, and shine very bright.",0
6140,And it is a tiny mouthful of heaven.,1
6154,The title is very descriptive.,0
6156,Punctuality is the soul of business.,1
6158,You're making a mountain out of a molehill.,1
6161,"Dresden was kind of the moon, nothing but minerals.",1
6162,"Me, the wife of that boorish, brainless man.",1
6167,The old man is very old.,0
6172,It is unfair how the media is mistreating the ten year old boy.,0
6185,"Your plan is too risky, it's a suicide.",1
6191,Lots of people are coming to my birthday party.,0
6197,Why do we have so many forks and no spoons?,0
6203,No matter what anybody says you will always be important to me.,0
6210,"Right now, with the sword hanging over my head, I don't have any kind of financial support.",1
6212,They witnessed a beautiful place on this very same earth.,0
6216,His new computer program is very difficult for me to understand.,0
6230,I felt an explosion of flavor in my mouth.,1
6253,"She has so many watches, she'd need eight arms to wear them all.",1
6257,My powers are difficult to understand.,0
6266,Your indifference is tearing me apart.,1
6268,My sister uses so much makeup; she had difficulty trying to get it off last night!,0
6269,You should sunbathe! You look white as a ghost!,1
6275,They were laughing to death.,1
6284,I'd love to hang out eight days a week.,1
6294,"I would buy it, if it did not cost an arm and a leg!",1
6296,I love you with all my heart.,0
6304,It was a sudden rush of fragrances.,0
6320,"To some, AI is beginning to generate complicated problems.",0
6322,The best education systems don't necessarily dole out a lot of homework to students.,0
6328,You can tell the judge how you made it disappear.,0
6332,I am crushed by a corrupt and criminal justice system.,1
6348,This is one beautiful panorama.,0
6349,"When everyone went home for holidays, the campus became deserted.",0
6350,ABU is hypnotically drawn to it.,1
6358,My dog is really ugly.,0
6364,He has the charisma of a traffic cone.,1
6375,People hang on your every word.,1
6378,My admiration for him is profound.,0
6381,He is more aged than the hills.,1
6385,This discovery is very precious to young scientists.,0
6388,Their latest album blasted its way up the charts.,1
6394,She shows no emotions: she has become an iceberg of a woman.,1
6394,He tolerated my annoying questions. That man is patient.,0
6397,I would give my life for a coffee.,1
6405,"You must come out of bed, I've walked a thousand miles to spend some time with you.",1
6412,Doesn't change the fact that we're up to our necks in muck.,1
6414,The secretary had a lot of paperwork.,0
6426,Every one of her drawings is a rapture for the eyes.,1
6426,You're being stalked by a person who drains your emotions.,0
6445,"You know, the world could end before I'd let something happen to you.",1
6448,I'm sure you are another Mother Teresa.,1
6454,This croissant made my day.,1
6463,I'm sure you are a good person.,0
6466,People tend to do what he wants.,0
6467,She orders my ideas.,0
6473,"When sorrows come, they come not single but in battalions.",1
6476,They are unlike any other olives out there.,1
6488,This confection has been around a few centuries in my house.,1
6493,My sister is intelligent.,0
6495,The secretary is very servile.,0
6509,He thinks that the affectual bonds prevalent in the older world has been lessened by modernity.,0
6517,Ours is the world's favourite airline.,1
6527,He saw how angry she was.,0
6537,The pictures prove that the poor country has turned into hell.,1
6559,She can't see but darkness: she's desperate.,1
6560,I lost my sense of humor a long time ago.,0
6561,These are the proofs of the invincible smartness of the human race.,1
6579,"It's so dark, a bat couldn't see in this room.",1
6583,She felt a number of emotions.,0
6583,Let's be best friends for the whole of our lives.,0
6592,I don't like to see you eating pineapple pizza. It hurts my Italian heart.,0
6595,"Insolent boy, I'll slash you to ribbons!",1
6616,Needs must when you are being desperate.,0
6619,Anna cried blood tears before obtaining her bachelor's degree.,1
6623,The story hit the web and inflamed the chat sites.,1
6644,I can find not many words to describe my admiration.,0
6647,I would give my possessions for a pot of ale.,1
6658,Every flavor is strong.,0
6660,The mail was taking on Alpine proportions.,1
6661,Johnny was very fond of the ground Dallas walked on.,0
6666,"My best friend is so forgetful, I have to remind her of many things.",0
6681,He was born with crystal bones.,1
6685,The ancient castle was so big that it took a lot of time to walk from one end to the other.,0
6710,His shout could split rocks.,1
6710,"Since you stopped partying, you're boring.",0
6712,Be silent as a ninja.,1
6716,I'll persevere till the stars drop from the sky.,1
6718,I can make a delicious pesto.,0
6728,One picture is sufficient to convey so much!,0
6755,It is enough to frighten you.,0
6756,"Come on, I'm a vault of secrecy.",1
6759,Football is all he cares about.,1
6768,They are a stingy family. There are like trillions of savings under one roof!,1
6775,No one knows her. She's very mysterious.,0
6795,The new king'll be adored.,0
6796,I am tormented often.,0
6821,I feel like I'm going to burst.,1
6824,"Once I get her tuned up, this old car will go like greased lightning.",1
6833,Boys will happily do accept challenges for you.,0
6839,His studded jacket is drilling in his body.,1
6843,"Of the two brothers, the oldest was unquestionably the smartest.",1
6849,We used to have very little independence.,0
6854,He has as many debts as a dog has fleas.,1
6854,The poetry will spring up magnificent.,0
6855,This dirty money we're using to finance the campaign is a risk!,0
6865,I could smell his hellish breath.,1
6865,Cowards do not live their lives to the fullest.,0
6873,I'll tell you a tale of the immense blue that is the ocean.,0
6892,"I mean, you have the kind of talent that I admire.",0
6899,Better be out of the world than out of the fashion.,1
6906,John is very clumsy.,0
6912,"I tried to explain myself, but she is a waxy-eared person.",1
6921,This restaurant sums up the neighborhood which is home to many hipsters!,0
6924,Your mom is very fat!,0
6929,"When my dog waves, his tail it causes hurricanes.",1
6929,I'm not staying here one more minute!,1
6933,I've been reading "The little prince" since I was a kid.,0
6934,She thinks avocado tastes like compost heaps.,1
6950,My evening jog with Bill turned into a long run.,0
6954,No one follows the rules in this office. It's a jungle.,1
6974,"That artist is a wordless person, she rarely speaks.",1
6975,He is very old.,0
6981,"I only step on your toe, don't make a federal case out of it.",1
6987,"When everyone went home for holidays, the campus became a ghost town.",1
6992,His bark is very loud.,0
6993,My ex boyfriend! Treacherous snake!,1
6999,"I'm half dead, for Christ's sake!",1
7022,Inviting my mother-in-law to stay here is a recipe for disaster.,1
7036,This year the new fashion trends spread quickly.,0
7038,Your body is beautiful.,0
7041,And it tastes very good.,0
7041,I would really like a pot of ale.,0
7047,John was called "the elephant of the class" for his clumsiness.,1
7051,Another idea burst into flames.,1
7054,I must impose chains upon myself.,1
7064,A player who can stop our team from winning the championship does not exist.,1
7075,Scientists are far away from understanding the human brain.,0
7084,This spray will fill your days with the freshness of the ocean breeze.,1
7088,The president has fought really hard to be reelected.,0
7090,This is a must buy!,1
7091,He walked down the road without any destination.,0
7099,The level of discombobulation in the realm of global politics is very high.,0
7104,A friend of mine brought the chips into work with the claim "these are excellent".,0
7116,"Julia is shy but when it comes to fashion business, she's a war machine.",1
7143,"Wow, I'm not functioning as well as I usually do today.",0
7147,The mall is large enough to have its own zip code.,1
7151,Our fight has been going on since the beginning of time.,1
7163,My little sister moves around me. She's my follower.,0
7169,We all cracked up at the joke.,1
7171,"He looked at the glass, and lowered his lips to that oasis of moisture.",1
7171,He was born with fragile bones.,0
7177,"Oh, you are soaked to the bone, monsieur.",1
7177,He drank a tanker of milk very quickly.,0
7179,She gave a deadly glare at the people making fun of her.,1
7188,Marriage is the end of love.,0
7191,"Don't touch a woman, not even lightly.",0
7192,"Set a beggar on horseback, and he will ride far.",0
7194,Her hair is very long.,0
7195,Technology annihilates humanity.,1
7198,She met my dad and then got taken quickly off to so many different countries.,0
7210,My dad'll be very angry when he finds out that I wrecked his car.,0
7218,"This blog is my personal place, where my innermost secrets are shared.",0
7220,I'm sold!,1
7221,Sacrificed my french fries to his monstrous appetite.,1
7229,The secretary was hitting the keyboard trying to finish the report.,0
7230,His eyes were very dark.,0
7238,Anna worked really hard before obtaining her bachelor's degree.,0
7243,A sea of people surrounded the stage.,1
7250,A day was really exhausting.,0
7252,That chocolate melts in your mouth like a single snowflake in the palm of your hand.,1
7257,"I now embrace ""Hollywood"" endings, but there was a time when I genuflected to kill-offs.",1
7263,You are very unreasoning persons.,0
7266,His bark breaks the sound barrier.,1
7278,"We've been dealing with it for months, and months and months.",1
7279,I will make it difficult for you to meet him.,0
7282,He's a wrecking ball for the future of the Party.,1
7282,You guys are of no help.,0
7295,My granpa snores louder than a faulty engine.,1
7300,They cooked a turkey the size of a cow.,1
7308,My mother is a tyrant.,1
7308,"When you open the map, you know a lot about the city.",0
7320,The air I breathe in a room empty of you is unhealthy.,1
7333,I'd love to hang out every day.,0
7340,This is a tough situation. You're having a lot of pressure.,0
7345,Swamps of people are coming to my birthday party.,1
7353,Shuttling between conferences over the past years has been an overwhelming enterprise.,0
7354,The player is very talented.,0
7362,Life goes in a little bit of time.,0
7377,You're a grumpy bear.,1
7382,He's light.,0
7383,"Right now, in this risky situation, I don't have any kind of financial support.",0
7384,I've seen this movie many times.,0
7396,I simply fell in love with these chips and refused to share them with my friends.,1
7396,Hope deferred makes one sad.,0
7400,The eye of a master is expert.,0
7420,"Well, you've got an empty head.",1
7428,"My best friend is so forgetful, I sometimes have to remind her what her name is.",1
7440,It is unthinkable to love and be wise.,1
7441,One winter was so cold that the snow turned blue.,1
7465,Sarah is completely lacking any sense of humor.,1
7467,He groaned as if he was being crushed.,1
7475,The veteran proclaimed he had strong legs.,0
7484,"Well, dear, her hostess would reply with a cold smile.",0
7524,Sleeping on this pillow is sleeping on a cloud.,1
7535,"Their headmaster was omnipresent, as he seemed to be all around the school all the time.",1
7538,They were laughing hard.,0
7540,It's time to stop living in such a passive manner.,0
7543,He eats a lot of junk food.,0
7549,The blood flowing from the boy's tooth dropped on the tiled floor.,0
7550,You could see she was scared to death.,1
7555,Peter's essay constituted yet another infinite monologue.,1
7558,My evening jog with Bill turned into a marathon.,1
7559,Those criminals are feasting on violence.,1
7559,He's the worst man on earth.,1
7577,You don't ever listen to me.,1
7579,"This book is a masterpiece, it is excellent!",0
7583,She can make me follow her with one word from her lips.,1
7585,John's new idea is very valuable.,0
7602,Changing your favorite team is like breaking a promise.,0
7604,Sometimes asking feels like firewalking.,1
7618,This new brand is unmistakable.,1
7622,This policy will be a problematic one for the country.,0
7641,He's my favourite person in the world. The rest is not important.,0
7644,"I heard you possess good vision, Mister.",0
7647,I did not suspect it would be so good: this book is wonderful.,0
7648,He has a watermelon instead of a belly.,1
7653,Look how grown up!Only yesterday you were on your tricycle.,1
7660,With a word she can get what she came for.,1
7665,I worked very hard.,0
7673,All these parties are expensive.,0
7676,The global crisis has seen prices skyrocket over the past week.,1
7690,I apologized profusely.,0
7693,She had a graceful glow about her.,0
7701,These flowers are really awesome!,0
7718,That child is the devil incarnate.,1
7732,All these parties will break my bank.,1
7742,The news has been blown out of all proportion.,1
7766,That lawyer's words are really harsh.,0
7792,"Move, there's no time.",1
7799,New York is right place for him.,0
7799,I don't want to stop looking at her.,0
7800,It's unfair how the media is martyrizing the ten year old boy.,1
7813,"That joke is so old, the last time I heard it was many years ago.",0
7820,I felt very happy when I set foot in the candy shop.,0
7826,She will have no shortage of boyfriends.,0
7830,And with all this romantic atmosphere disaster's in the air.,1
7832,Once I would open the bag I would not want to stop eating.,0
7835,I am without many words.,0
7836,My dog can run faster than a thunderbolt.,1
7837,She is very helpful I mean she fixes my problems.,0
7841,Making drastic choice is useful for an adventurous life.,0
7851,Getting older helped me clarify some childhood memories.,0
7858,The mall is very large.,0
7859,He's my favourite person in the world. The rest is drips.,1
7866,Your predictions were right. You have a third eye.,1
7873,The new shampoo is ten times better than the other.,1
7873,rope - oppurtunity,0
7888,I was deeply sorry.,0
7895,I really want a coffee.,0
7896,Most of the businesses here are already facing financial hardships because of the economy.,0
7921,He told his family not to forget that he is the head of his house.,0
7924,I went into the shop and we bought a lot of things.,0
7936,An idle brain is the devil's workshop.,1
7961,These people would follow you.,0
7966,"Julia is shy but when it comes to fashion business, she's a hard worker.",0
7974,"She is only a puppet, acting on the directives of her friends.",1
7984,"I can't let go now, I'm deeply engrossed in this.",0
7990,Satisfaction pleases me.,0
7995,"When I was young, my family was my role model.",0
7996,"And his sensibility, oh, he must be very sensitive.",0
7999,April is the cruelest month.,1
7999,Your shoes are expensive.,0
8008,Your judgement at this point is worthless.,0
8021,"You are a vision of loveliness, darling!",1
8028,My tongue is a piece of sandpaper.,1
8029,"This steak is so rare, I think I heard it moo.",1
8030,Saying the entire campaign is ill-informed because you disagree with one point is losing valuable things to get rid of what is not wanted.,0
8036,The waiting has been endless.,1
8036,They will kneel before his talent.,1
8037,You are slower than a snail.,1
8048,He tolerated my annoying questions. That man is a saint.,1
8055,"Apparently, my fingers are made of butter tonight.",1
8060,"Nate discovered the reason why she's still single, despite a legion of suitors.",1
8061,This policy will plunge the country into a chaos.,1
8064,A man can have a belly you could house a commercial aircraft in.,1
8077,They are a stingy family. There are a lot of savings under one roof!,0
8082,The boy is an Adonis...and he knows it.,1
8092,This room is very hot.,0
8095,The bad sides are so overpowering that she can't see anything else.,1
8096,I would recognize my sisters from a long distance.,0
8099,What she touches turns to gold.,1
8123,"You know, I'll take care of you.",0
8133,"If you leave me, I'll erase you.",1
8136,Admit that you're a traitor.,0
8175,He only has garbage in his brain.,1
8178,Saying the entire campaign is ill-informed because you disagree with one point is throwing out the baby with the bathwater.,1
8182,I worked hard to get you through college.,0
8187,"Trust him, he's faithful.",0
8196,That is great music I hear.,0
8208,I do not live well without you.,0
8209,I thought I'd found sugar-free chocolate nirvana at first taste.,1
8212,You have no conception of the quantity of miserable feeling that passes through me in a day.,1
8216,Her eyes were very gray and sharp.,0
8218,"You are not a fully-grown man, you are very silly.",0
8221,The act of love strongly resembles torture.,1
8223,The true meaning of decadence can be found in this meal!,1
8223,After lunch I was full to overflowing.,1
8251,I'm begging! Give me the last piece of the cake.,1
8251,The temperature was low.,0
8259,"She's bothered by dust, so she's unceasingly cleaning the house.",1
8259,We must fight with great force.,0
8259,The new shampoo is much better than the other.,0
8260,Boys will gladly go to war for you.,1
8261,Anna's cooking is good.,0
8271,The sins of the people are very severe.,0
8276,Masses of garbage reached so high that it touched the roof.,0
8281,Daisy Buchanan is Gatsby's grail that he fails to possess.,1
8284,Your kindness astounds me.,0
8286,Fools rush in where angels fear to tread.,1
8287,"The coffee was really good, but it costed me my monthly money.",1
8291,"He is so majestic, when he wears a yellow shirt people yell: ""Hey taxi!""",1
8299,Your body is a wonderland.,1
8304,No offence but she's dumb.,0
8308,His mother is very apprehensive and is very protective of him.,0
8312,The waiting has been too long.,0
8313,I do not breathe without you.,1
8326,If I tried to carry all that cargo in my head it would make me stoop-shouldered.,1
8336,"That said, I'm on the precipice of doom.",1
8347,Art is my peace of mind.,0
8353,The princess' lips are red.,0
8371,"As a father, in this moment, I am overwhelmed by pain.",0
8376,The chance of your friend seeing us is astronomically small.,1
8377,He drank a tanker of milk as if he was a drain.,1
8390,The old driver arrived not a second too soon.,1
8395,This restaurant sums up the neighbour in all its hipster glory!,1
8400,This drink gives you an energy lift.,0
8405,He eats a mountain of junk food.,1
8417,It was a gust of fragrances.,1
8417,"You did something dangerous, boy.",0
8425,The girl is not relevant.,0
8426,I thought I'd found an amazing sugar-free chocolate at first taste.,0
8427,The professor destroyed me in front of the class.,1
8427,The pain was excruciating.,0
8430,A friend of mine brought the chips into work with the claim "these will change your life".,1
8434,My sisters mean a lot to me.,0
8448,"I'm moving, all my stuff's in this luggage.",0
8451,I just got hit by a lot of cramps.,0
8452,The meal I prepared contains a million calories!,1
8456,He's a terrible person.,0
8460,She is sinking in a sea of misery.,1
8460,"Me, the wife of that boorish, unwise man.",0
8494,We were getting trapped with no way out.,0
8495,They cooked a big turkey.,0
8500,I am truly American.,0
8508,Johnny was fearful.,0
8523,"The noise was so great, that it was heard in a long distance.",0
8525,The big bells as loud as the thunder.,1
8528,It's wrong to steal a pin.,0
8535,Her anger radiated strongly.,0
8538,The flower of poetry will spring up toward God.,1
8543,The sight of them kissing is so gross that it makes me want to puke.,1
8544,Ours is a favorite airline of many people in the world.,0
8544,Its golden roofs are very bright.,0
8548,She was weak after months of nursing her sick husband.,0
8555,The girl is no one.,1
8556,I felt my ribs hurt while laughing.,0
8558,It's very hot.,0
8566,I am being harmed by a criminal and corrupt justice system.,0
8577,Your room is a jungle!,1
8586,"You get into that University, you won't make it.",0
8618,He is a good dog who goes to church.,1
8620,A watched pot seems to take a long time to boil.,0
8621,This is one breathtaking panorama.,1
8625,The tourists will take in any information you give them.,0
8630,"When pale and silent, I enter alone upon the stubble field.",0
8630,I've had to make a new beginning from the bad outcome of my choices.,0
8650,I liked these chips and refused to share them with my friends.,0
8661,We must obey my mother's whims! We respect her power!,0
8671,Her strength awoke in poets an abiding love.,0
8673,I'm dissolving into a puddle.,1
8676,Christmas will take a long time to come.,0
8679,Professors read a boatload of essays.,1
8688,She's a difficult person to work with because she is very direct when conversing.,0
8693,"You've made me very happy, Rita.",0
8696,It'll just - bam! - hit me hard.,0
8707,She smiled at me and I was surprised.,0
8712,The availability of data is likely to lead to a veritable orgy of statistical analysis.,1
8716,Ice-cream saves human beings from boredom.,1
8720,Junk food is the one thing they'll buy in large quantities.,0
8731,Don't strain at gnats and swallow camels. There are worse problems than that around here.,1
8731,"You must come out of bed, I've walked a long way to spend some time with you.",0
8734,"Two years ago, I entered into the fashion world.",0
8742,The best education systems don't necessarily dole out piles of homework to students.,1
8756,My face is definitely not at my best today.,0
8758,There are big ketchup fans out there.,0
8781,Sky is falling.,1
8785,"During the debate, the president treated reporters and photographers badly.",0
8809,Your words are very damaging.,0
8811,They were in a daze when arguing with that manipulator.,0
8812,"My dog is so ugly, we had to pay the fleas to live on him.",1
8813,We picked up a bottle once on a trip and were blown away!,1
8816,"I'm sure the spider was about to leap off the wall, latch itself onto my leg and start gnawing me.",1
8816,Newspapers only contain garbage and dirt.,1
8820,"When spectre-like, I enter alone upon the stubble field.",1
8829,Her smoldering eyes still scorch my soul.,1
8843,His studded jacket is tight on his body.,0
8849,Her skin was whiter than snow.,1
8849,I can smell pizza from a long distance.,0
8851,I sold my soul to the Devil to get you through college.,1
8861,Satisfaction floods into my veins.,1
8870,I can see you've lost your mind.,1
8878,I depend on my green tea fix each morning!,1
8882,Scientists are light years away from understanding the human brain.,1
8893,I am really sorry.,0
8897,Life is a place where we fight to cure ourselves.,0
8898,"And he was rich - yes, very rich.",0
8915,I wear my favourite t-shirt day in day out.,1
8917,I've been reading "The little prince" since I was knee-high to a grasshopper.,1
8924,Life is rushing by very quickly.,0
8928,Shopping exhausted me today.,0
8937,She enters my brain and cleans the mess.,1
8938,There's no index and the story isn't linear: this book is illegible.,1
8938,Music is important to me.,0
8938,"At that point, the presidency was hard to recover.",0
8942,She's drinking like tomorrow doesn't exist.,1
8948,I have a headache the size of Texas.,1
8956,Your shoes can buy a bungalow.,1
8960,"Oh, my mother, if you cough somewhere in Siberia she'll hear you.",1
8967,"I'm so drunk, the world spinning around.",1
8969,"I would buy it, if it did not cost that much!",0
8971,"Stop using onion in this recipe, you dregs of mankind.",1
8975,Her boyfriend would obey her commands like a tame pet.,1
8986,My bank account is almost empty.,0
9024,Grandpa is very old.,0
9030,Tastiest roast I've had.,0
9031,I've got sorrow in my heart.,0
9035,"I'm quite imperturbable, only UFO can rock me.",1
9048,"Your mom is so fat, I could slap her thigh and ride the wave!",1
9050,I feel excited.,0
9059,It is the last straw that breaks the camel's back.,1
9059,I have negative feelings in the day.,0
9091,I know this place like the back of my hand.,1
9091,She's a dictator in our house.,1
9100,Knowledge without conscience is but the ruin of the soul.,1
9103,There are ketchup die hard fans out there.,1
9107,"Precious, self-contained, and solitary.",0
9113,My nephew is moving heaven and earth.,1
9118,I am exceedingly sorry.,1
9123,Love these very much!,0
9131,Daisy Buchanan is Gatsby's target that he fails to possess.,0
9136,She ran the whole gamut of emotions.,1
9148,In that library they have forests of books.,1
9148,My hair is very straight.,0
9160,I'll persevere for a long time.,0
9201,The buyer has need of a hundred eyes.,1
9211,Living with you is a rollercoaster but it's worth the thrill.,1
9218,I don't want to miss the party.,0
9228,Such an unscrupulous person...he's a pig.,1
9229,Jason would rather keep going than lose face by pulling out.,0
9241,The princess' lips shame the red rose.,1
9245,Nothing's impossible!,1
9260,Her strength awoke in poets a love that is eternal.,1
9267,Seeing you again - my life seems to stop there.,1
9294,We must fight with the force of a typhoon.,1
9294,Even a baby could pass that test!,1
9304,I'll see him wriggle like a worm on a hook!,1
9327,Her boyfriend would obey her commands without hesitation.,0
9343,I've seen this movie at least eighty thousand times.,1
9348,Bring these vermin to the Palace of Justice.,1
9354,"But you are mute, mute as a fish.",1
9359,Democrats and Republicans will agree on a tax reform bill when pigs will have wings!,1
9361,People say Massimo has phenomenal cooking powers.,1
9375,"My love, you are my oxygen.",1
9383,Your speech evokes a thousand sympathies.,1
9383,The minister told the guests that the couple's friendship was very sweet.,0
9389,"After watching the movie, I wanted to put the villain through the wall into the next planet.",1
9395,Her eyes were gray and sharp like the points of two picks.,1
9400,They witnessed a paradise revealed on this very same earth.,1
9400,There was a pleasant atmosphere.,0
9405,"Insolent boy, I'll hit you!",0
9409,You always concentrate my whole senses.,1
9413,I could smell his horrible breath.,0
9420,I thought we had a deal but you stabbed me in the back.,1
9422,You're exaggerating.,0
9426,car and her,0
9428,A large number of people surrounded the stage.,0
9432,My bank account runs dry.,1
9433,The ancient castle was so big that it took a week to walk from one end to the other.,1
9434,Idleness causes bad behavior.,0
9439,Seeing my bestfriend again would mean the world to me.,1
9450,There's dust all around.,0
9454,"Love, love, love these!",1
9461,Being in debt makes me uncomfortable.,0
9473,simile,0
9491,The bad sides are so overpowering that she finds it difficult to concentrate on anything else.,0
9505,This new brand is good.,0
9518,"Remember, Quasimodo they're gypsies. They'll steal from us.",0
9526,And your father and I worked on those plans together for a long time.,0
9538,That must be the angel music I hear.,1
9544,The buyer has to be careful.,0
9549,"I am hungry, I could eat a big meal.",0
9575,"Remember, Quasimodo they're gypsies. They'll steal us blind.",1
9577,He could swear he saw a wisp of smoke coming out of her ears.,1
9589,"If you leave me, I'll forget about you.",0
9590,I love you with so much of my heart that none is left to protest.,1
9592,This is the really important advice of your life.,0
9596,He used to teach there and was bothered by all the pupils.,0
9596,It took him a fair bit of time to comb his hair.,0
9596,The crowd was delighted by the performance.,0
9607,I broke my ribs laughing.,1
9607,This new computer program is all Greek to me.,1
9624,Technology hurts humanity.,0
9629,It is a truth widely acknowledged that a single man in possession of a fortune must be in want of a wife.,0
9637,Love you to the moon and back.,1
9648,He only sees himself.,1
9661,This is honestly the best seasoning salt in all the land.,1
9661,"Cheryl is so moody, she has different moods in a day.",0
9662,No one knows her. She's mysterious as the dark side of the moon.,1
9663,It is very easy to pass that test!,0
9670,"Because I drank so much whiskey, I do not remember the last three days.",0
9681,My parents would have about two hemorrhages apiece if I told anything personal about them.,1
9684,Look how grown up! It wasn't that long ago that you were on your tricycle.,0
9691,"Here he was, in control.",0
9692,Look at her furious fingers articulating words as she writes the report.,1
9696,He put loads and loads of cream on his cake.,1
9697,This class is very noisy today!,0
9701,Punctuality is a crucial aspect of business.,0
9708,"Since you stopped partying, you're a nullity.",1
9714,"No more food, I'm stuffed.",1
9722,Too much work makes me feel demolished.,1
9726,It seems to have been raining for fourty days and fourty nights.,1
9726,"When the last light set, it was beautiful.",0
9736,You're an infant dad.,1
9737,So much snow that it's like walking in the firmament.,1
9737,They will die of envy.,1
9738,I'm going to explode.,1
9740,"You get into that University, you won't get out alive.",1
9754,They were gone in no time.,1
9781,Sarah does not have a good sense of humor.,0
9782,This room is a mess. It looks very untidy!,0
9783,After workout I feel very strong.,0
9797,You'll devour the book in a couple of days.,1
9797,"There are no leftovers, he eats a lot!",0
9809,People bend to his will.,1
9830,"I am sitting here, throned in blue sky like a sphinx.",1
9833,You have ravished me away by a power I am unable to resist.,1
9847,He has a big belly.,0
9852,My oral exam was very quick. I was done seconds after entering the classroom.,1
9857,When the girl lost her puppy she cried an ocean of tears.,1
9887,Sleeping on this pillow is sleeping on something very soft.,0
9891,"If Sylvia flirted with Johnny, Steve threatened to beat the living tar out of her.",1
9892,There are no words to describe my admiration.,1
9897,TV is providing us with subliminal messages.,0
9898,My lover's arms were made to hold me close.,1
9901,"Sad to say, but she was a relentless drinker.",1
9904,My mother has good hearing.,0
9910,He put lots of cream on his cake.,0
9914,It's very dark in the room.,0
9922,Music is my daily drug.,1
9931,I am so tired I could sleep for a year.,1
9940,"He looked at the glass, and lowered his lips to the water.",0
9946,The cream you bought will last for a long time.,0
9956,"I can't let go now, I'm possessed.",1
9958,"There are no leftovers, he's a dustbin!",1
9977,She has a fairy aura.,1
9991,The cream you bought will last for centuries.,1
9996,I like your new haircut!,0
9998,It'd take a miracle to get me into the army.,1
